Time (s),z3_pro_1,z3_pro_2,z3_pro_3,z4_pro_1,z4_pro_2,z4_pro_3,z3_none_1,z3_none_2,z3_none_3,z4_none_1,z4_none_2,z4_none_3
0s,0.12664,0.13188,0.12843,0.13064,0.12443,0.12615,0.13031,0.12617,0.12813,0.12656,0.12318,0.12644
300s,0.12679,0.13197,0.12703,0.1286,0.12435,0.12526,0.13094,0.12725,0.12874,0.12678,0.11975,0.12631
600s,0.12656,0.13244,0.13147,0.13137,0.12478,0.12742,0.13144,0.12702,0.12974,0.12683,0.12016,0.12709
900s,0.12629,0.13305,0.12795,0.12929,0.12475,0.12662,0.1325,0.12707,0.1308,0.12778,0.12064,0.1277
1200s,0.12754,0.13359,0.12755,0.12875,0.12439,0.12685,0.13211,0.12625,0.13127,0.12868,0.12,0.12691
1500s,0.1271,0.13388,0.1285,0.13028,0.12719,0.12655,0.13332,0.12689,0.13187,0.12904,0.12219,0.12836
1800s,0.12843,0.13416,0.13215,0.1349,0.12514,0.12685,0.13374,0.12684,0.13117,0.1289,0.12063,0.12898
2100s,0.12898,0.1342,0.13209,0.13248,0.1267,0.12785,0.13401,0.12745,0.13188,0.1295,0.12262,0.12973
2400s,0.12913,0.13543,0.13012,0.13105,0.12584,0.12792,0.13395,0.12834,0.13173,0.12922,0.12405,0.1299
2700s,0.12972,0.13539,0.13057,0.13244,0.12863,0.13042,0.13425,0.12886,0.13408,0.13054,0.1235,0.13094
2999s,0.13204,0.13635,0.13123,0.13255,0.12755,0.12948,0.13498,0.12901,0.13401,0.13126,0.12139,0.1299
3299s,0.131,0.13694,0.13289,0.13589,0.12882,0.12936,0.13627,0.12963,0.13394,0.13197,0.12415,0.12984
3599s,0.1306,0.13593,0.13212,0.13396,0.13085,0.1308,0.13725,0.13302,0.13586,0.13224,0.12297,0.13163
3899s,0.13212,0.13839,0.13228,0.13469,0.12933,0.13082,0.13593,0.13076,0.13591,0.13203,0.12576,0.13141
4199s,0.13247,0.13981,0.13713,0.13413,0.13031,0.1314,0.13797,0.13012,0.137,0.13279,0.12582,0.13303
4499s,0.13334,0.14025,0.13395,0.13482,0.13097,0.13209,0.13761,0.13327,0.13647,0.13484,0.12442,0.13199
4799s,0.13483,0.13968,0.13539,0.1363,0.13017,0.13163,0.13851,0.13519,0.13778,0.13515,0.12562,0.13362
5099s,0.13466,0.14095,0.13501,0.13595,0.13111,0.13387,0.13996,0.13597,0.13901,0.1345,0.1274,0.13384
5399s,0.13616,0.14187,0.13965,0.1386,0.13155,0.13692,0.14003,0.1339,0.13915,0.13583,0.12922,0.13537
5699s,0.13668,0.14562,0.13729,0.13847,0.1344,0.13552,0.14395,0.13802,0.14057,0.13726,0.12807,0.13571
5999s,0.13813,0.14339,0.13944,0.13918,0.13428,0.13534,0.1437,0.13902,0.14215,0.13834,0.13021,0.13568
6299s,0.14135,0.14641,0.14091,0.14054,0.13521,0.13776,0.14494,0.13989,0.14358,0.13864,0.13036,0.13686
6599s,0.14005,0.14631,0.14057,0.14009,0.13776,0.14063,0.14492,0.14046,0.14318,0.13982,0.13166,0.13769
6899s,0.14228,0.147,0.14106,0.14392,0.13937,0.13888,0.1463,0.14089,0.14542,0.14284,0.1309,0.13767
7199s,0.14452,0.14975,0.14286,0.14326,0.14062,0.13939,0.14783,0.14328,0.14549,0.1428,0.13384,0.13945
7499s,0.14568,0.14952,0.14631,0.14619,0.14168,0.14024,0.14855,0.14178,0.14623,0.14381,0.13462,0.14029
7799s,0.14683,0.1493,0.14439,0.14462,0.14198,0.14568,0.14951,0.14433,0.14876,0.14577,0.13673,0.14188
8099s,0.14969,0.1547,0.1495,0.14569,0.14193,0.14475,0.15132,0.14363,0.1496,0.14631,0.13693,0.1425
8399s,0.15044,0.15408,0.14765,0.14832,0.14286,0.1463,0.15342,0.14574,0.15073,0.14875,0.13831,0.14412
8699s,0.15351,0.15501,0.15149,0.15115,0.14508,0.14882,0.15359,0.1469,0.15182,0.14903,0.13826,0.14385
9000s,0.15166,0.1563,0.14876,0.14951,0.14569,0.14744,0.1548,0.14591,0.15408,0.15174,0.14078,0.14552
9299s,0.15955,0.15928,0.15254,0.15131,0.14742,0.15023,0.1559,0.14812,0.15236,0.15082,0.14261,0.14928
9599s,0.15968,0.15876,0.15147,0.15405,0.14802,0.15019,0.1598,0.15026,0.15459,0.15243,0.14393,0.14919
9899s,0.15611,0.15884,0.15582,0.1546,0.15154,0.15384,0.15967,0.15109,0.15569,0.15273,0.1455,0.15125
10199s,0.15711,0.16217,0.15807,0.15458,0.15067,0.15277,0.16274,0.1519,0.15792,0.1571,0.1463,0.15165
10499s,0.16022,0.16378,0.15747,0.15855,0.15537,0.15344,0.16425,0.15382,0.16218,0.15887,0.14707,0.15191
10799s,0.15885,0.16529,0.15702,0.15743,0.15278,0.156,0.16441,0.15459,0.16076,0.16,0.14996,0.15592
11099s,0.16978,0.16826,0.16422,0.16085,0.15801,0.1586,0.16739,0.1558,0.16346,0.16191,0.15304,0.15497
11399s,0.16794,0.16912,0.1635,0.16361,0.1592,0.15911,0.16842,0.15609,0.1662,0.16363,0.15302,0.15893
11699s,0.17491,0.17114,0.1683,0.16437,0.15811,0.16241,0.17176,0.15795,0.16751,0.1665,0.15457,0.16042
11999s,0.17494,0.17269,0.1698,0.16723,0.16249,0.16398,0.17315,0.16004,0.16913,0.16699,0.15571,0.16049
12299s,0.17085,0.17578,0.17255,0.17668,0.16385,0.16634,0.17595,0.16239,0.17394,0.16885,0.15959,0.16997
12599s,0.17158,0.17706,0.171,0.17179,0.16742,0.16766,0.17849,0.16455,0.17277,0.17205,0.1634,0.16461
12899s,0.18994,0.18088,0.1747,0.17497,0.16986,0.16954,0.18103,0.16558,0.1761,0.17436,0.16379,0.16804
13199s,0.17828,0.18188,0.18364,0.175,0.17125,0.17325,0.18153,0.16678,0.17732,0.17638,0.16457,0.1672
13499s,0.17846,0.18467,0.17986,0.17791,0.17398,0.17547,0.18681,0.16877,0.18166,0.18008,0.16835,0.16983
13799s,0.18888,0.18739,0.18155,0.1817,0.17658,0.17758,0.18925,0.17105,0.18288,0.18197,0.16996,0.17225
14099s,0.18524,0.19069,0.1827,0.18291,0.18028,0.17859,0.19076,0.17039,0.18507,0.18403,0.17401,0.17551
14399s,0.18955,0.194,0.18523,0.18551,0.18055,0.18451,0.19274,0.17311,0.18795,0.18561,0.17517,0.17749
14699s,0.19689,0.19578,0.18809,0.18884,0.18517,0.18458,0.19575,0.17488,0.18981,0.18925,0.18005,0.18114
14999s,0.19527,0.19818,0.19263,0.19207,0.18761,0.18801,0.20147,0.17847,0.19184,0.19251,0.18074,0.18095
15299s,0.19986,0.20012,0.19737,0.19567,0.19086,0.19218,0.20367,0.18088,0.19661,0.19459,0.18371,0.18329
15599s,0.2051,0.20385,0.19647,0.20198,0.19432,0.19506,0.20674,0.18313,0.20167,0.20161,0.18712,0.18808
15899s,0.20459,0.20832,0.20121,0.2031,0.19684,0.19662,0.20986,0.18619,0.20385,0.20108,0.19078,0.18825
16199s,0.20924,0.21183,0.20607,0.20547,0.20136,0.20054,0.21344,0.18816,0.20547,0.20602,0.19531,0.19438
16499s,0.21165,0.21401,0.2085,0.20933,0.2047,0.20272,0.2182,0.19256,0.20927,0.21113,0.19845,0.19828
16799s,0.21601,0.21663,0.21359,0.21238,0.20588,0.20678,0.21974,0.19611,0.21248,0.21282,0.20414,0.20173
17099s,0.21822,0.22045,0.21669,0.21625,0.21141,0.21055,0.22524,0.19782,0.21738,0.22034,0.20492,0.20496
17399s,0.22327,0.22542,0.21698,0.21869,0.21614,0.21474,0.23123,0.20378,0.22053,0.22361,0.21074,0.20969
17699s,0.23037,0.23,0.2241,0.22504,0.21974,0.2165,0.23405,0.20699,0.2252,0.22753,0.21365,0.21018
17999s,0.23336,0.23448,0.22942,0.23017,0.22714,0.22338,0.24001,0.21069,0.23245,0.23197,0.21887,0.21508
18298s,0.23657,0.23841,0.23125,0.23298,0.22582,0.22614,0.24335,0.21393,0.23721,0.23714,0.22728,0.22233
18598s,0.23867,0.24308,0.23716,0.23928,0.23393,0.23131,0.24774,0.21581,0.24101,0.23913,0.22665,0.22588
18898s,0.24715,0.24621,0.24058,0.24076,0.23887,0.23607,0.25059,0.21893,0.24003,0.24185,0.2308,0.2266
19198s,0.24747,0.24947,0.24404,0.24388,0.23962,0.23796,0.25708,0.22194,0.24387,0.24847,0.23726,0.23273
19498s,0.25371,0.25131,0.24902,0.25021,0.24442,0.24316,0.26401,0.23035,0.25086,0.25117,0.2406,0.23673
19798s,0.25862,0.25936,0.25761,0.25404,0.24963,0.24976,0.26742,0.23106,0.25785,0.25902,0.2462,0.24068
20098s,0.2643,0.26663,0.25903,0.25947,0.25637,0.25427,0.27505,0.23678,0.25974,0.26296,0.25444,0.24756
20398s,0.26887,0.27215,0.26845,0.26583,0.2626,0.26042,0.2792,0.24175,0.26504,0.26998,0.25668,0.25166
20698s,0.27515,0.2767,0.27108,0.27176,0.26661,0.26636,0.28881,0.24738,0.27112,0.27223,0.26203,0.25571
20998s,0.28082,0.28141,0.27593,0.27806,0.27208,0.27039,0.29316,0.25804,0.28121,0.28564,0.27358,0.26653
21298s,0.28573,0.29169,0.2796,0.28293,0.27784,0.27644,0.29638,0.26029,0.28337,0.28602,0.27197,0.26916
21598s,0.29267,0.29374,0.28623,0.28741,0.28376,0.28245,0.30607,0.26696,0.29022,0.29804,0.28291,0.27488
21898s,0.29981,0.30223,0.29215,0.29524,0.28991,0.28693,0.31494,0.27206,0.29714,0.30164,0.28757,0.28546
22198s,0.30439,0.30572,0.29607,0.30101,0.29582,0.29564,0.32054,0.28107,0.30798,0.31304,0.29755,0.29343
22498s,0.31385,0.3135,0.30241,0.30807,0.30226,0.30118,0.32527,0.28164,0.3115,0.31577,0.30181,0.29673
22798s,0.32192,0.31997,0.31014,0.31437,0.31101,0.31218,0.33545,0.29128,0.32207,0.3245,0.3135,0.30795
23098s,0.32667,0.32645,0.31817,0.32452,0.31888,0.31644,0.34227,0.29473,0.32252,0.32592,0.31506,0.31297
23398s,0.33378,0.33371,0.32372,0.32866,0.3281,0.32165,0.34657,0.30079,0.3317,0.33284,0.32026,0.31301
23698s,0.34084,0.34057,0.32839,0.33992,0.33396,0.33024,0.35881,0.31439,0.34212,0.34781,0.33853,0.32977
23998s,0.34563,0.34782,0.33672,0.34368,0.34176,0.33681,0.3683,0.31691,0.35074,0.35315,0.339,0.33048
24298s,0.35586,0.35515,0.34368,0.35232,0.34705,0.34527,0.37586,0.32671,0.35947,0.36586,0.35244,0.34051
24598s,0.36304,0.3607,0.35359,0.36021,0.3544,0.35542,0.38248,0.33354,0.36533,0.37165,0.35978,0.34932
24898s,0.37005,0.36921,0.36388,0.37022,0.36462,0.36078,0.39367,0.34025,0.37387,0.38057,0.36864,0.35973
25198s,0.37985,0.37689,0.36782,0.37261,0.37168,0.36916,0.39971,0.34478,0.37976,0.38508,0.37274,0.36076
25498s,0.38839,0.38493,0.37701,0.38303,0.37777,0.37643,0.40849,0.35312,0.38891,0.40143,0.38331,0.37149
25798s,0.39655,0.39586,0.38502,0.3924,0.39039,0.382,0.41596,0.35991,0.3958,0.40224,0.38223,0.37384
26098s,0.40703,0.40616,0.39671,0.4014,0.39917,0.39287,0.43007,0.36934,0.40429,0.41194,0.39551,0.38689
26398s,0.41495,0.41113,0.40036,0.40818,0.40579,0.40001,0.44061,0.38348,0.41652,0.43141,0.41231,0.40599
26698s,0.42158,0.42011,0.41144,0.42214,0.41717,0.41073,0.44718,0.38873,0.42697,0.43558,0.42241,0.40916
26998s,0.43364,0.43026,0.4202,0.43215,0.4273,0.42152,0.458,0.39748,0.434,0.447,0.43351,0.41987
27298s,0.44098,0.43756,0.42663,0.43517,0.43392,0.42727,0.46828,0.40441,0.44244,0.45625,0.4409,0.4294
27598s,0.44996,0.45025,0.43882,0.44865,0.44959,0.43887,0.47813,0.41509,0.45404,0.46863,0.44824,0.43852
27898s,0.45925,0.4618,0.4475,0.46061,0.4548,0.44766,0.4879,0.42168,0.46679,0.47816,0.45708,0.44303
28198s,0.47011,0.46705,0.45187,0.46995,0.46767,0.4612,0.50057,0.43311,0.4728,0.48553,0.46909,0.45388
28498s,0.4788,0.47799,0.46574,0.47743,0.4783,0.47104,0.50948,0.44072,0.48246,0.49621,0.48069,0.46885
28798s,0.49051,0.49012,0.47435,0.48638,0.49062,0.47907,0.52287,0.448,0.49415,0.5108,0.49391,0.47924
29098s,0.5042,0.50201,0.48916,0.50677,0.50381,0.49427,0.53299,0.45551,0.50134,0.51329,0.49403,0.48513
29398s,0.5115,0.51128,0.49362,0.51032,0.50969,0.49814,0.54762,0.46874,0.51032,0.53043,0.51179,0.50017
29698s,0.51643,0.51538,0.50402,0.51918,0.51934,0.51444,0.55476,0.47855,0.52214,0.53593,0.51623,0.50511
29998s,0.5303,0.52922,0.51418,0.53304,0.53273,0.5257,0.56688,0.48848,0.53955,0.55482,0.53577,0.52063
30298s,0.54338,0.53941,0.52393,0.54255,0.54398,0.53335,0.57746,0.50008,0.54896,0.56251,0.54991,0.53684
30598s,0.55406,0.55307,0.53828,0.55652,0.55847,0.54571,0.588,0.50419,0.55746,0.57354,0.5599,0.54261
30898s,0.56838,0.56203,0.54947,0.56807,0.56827,0.55457,0.59683,0.51392,0.56261,0.58174,0.5618,0.54522
31198s,0.57844,0.57274,0.56064,0.57872,0.57904,0.56421,0.60832,0.52762,0.57753,0.5932,0.57584,0.55593
31498s,0.58484,0.58122,0.56564,0.58865,0.58718,0.57785,0.62373,0.53853,0.59146,0.61356,0.59003,0.57501
31798s,0.59733,0.59456,0.57815,0.59763,0.59572,0.58794,0.63494,0.55039,0.60551,0.62521,0.60459,0.58714
32098s,0.61026,0.60562,0.5904,0.60865,0.61124,0.60328,0.6461,0.56405,0.61394,0.63085,0.61719,0.60106
32398s,0.61504,0.61071,0.59907,0.62204,0.62398,0.61187,0.65736,0.57263,0.62838,0.64669,0.62774,0.60964
32698s,0.62727,0.62305,0.60921,0.62819,0.63092,0.62054,0.66875,0.57976,0.6357,0.65859,0.64139,0.61918
32998s,0.64387,0.63701,0.62411,0.64762,0.64851,0.63233,0.67885,0.59419,0.64738,0.66985,0.6479,0.63042
33298s,0.65228,0.64557,0.632,0.65376,0.6563,0.63986,0.69056,0.60234,0.65878,0.68036,0.66087,0.64491
33598s,0.66043,0.65753,0.64166,0.66513,0.67098,0.65227,0.70231,0.61312,0.66943,0.68728,0.66824,0.64664
33897s,0.67498,0.67031,0.65681,0.68037,0.68306,0.66601,0.71347,0.62391,0.68118,0.70333,0.68677,0.66819
34197s,0.68489,0.67941,0.6656,0.68841,0.69521,0.67311,0.72252,0.63515,0.69059,0.71085,0.69733,0.67725
34497s,0.69478,0.69083,0.67812,0.70161,0.70547,0.6922,0.73217,0.64342,0.70301,0.72471,0.7043,0.68697
34797s,0.70587,0.70022,0.68644,0.70945,0.71658,0.69695,0.74258,0.65726,0.7119,0.7326,0.70993,0.69004
35097s,0.71841,0.71051,0.69414,0.71928,0.72242,0.70444,0.75394,0.663,0.72151,0.73806,0.71778,0.70186
35397s,0.73001,0.72237,0.70915,0.73257,0.7381,0.7193,0.76557,0.67198,0.73012,0.75639,0.73349,0.71167
35697s,0.73664,0.72939,0.71786,0.74129,0.74651,0.73123,0.77822,0.6877,0.7464,0.76976,0.74989,0.732
35997s,0.74635,0.74227,0.72608,0.75397,0.75914,0.73973,0.78702,0.69441,0.75582,0.77855,0.76041,0.7403
36297s,0.76079,0.75452,0.73722,0.76498,0.76879,0.75108,0.79733,0.70393,0.76868,0.79102,0.76744,0.75385
36597s,0.76989,0.76376,0.75044,0.77707,0.77897,0.76015,0.81098,0.71424,0.77657,0.79634,0.78303,0.76066
36897s,0.77641,0.77214,0.75697,0.78497,0.79269,0.77164,0.81802,0.72143,0.7836,0.80243,0.7826,0.76375
37197s,0.78872,0.78316,0.77032,0.79575,0.80233,0.78083,0.83116,0.73411,0.79762,0.81904,0.8034,0.78212
37497s,0.79899,0.79309,0.77743,0.80441,0.81482,0.7952,0.84128,0.74739,0.8046,0.82603,0.80553,0.78792
37797s,0.81089,0.80615,0.78848,0.81329,0.82097,0.8011,0.84943,0.75159,0.81659,0.84015,0.81741,0.79765
38097s,0.81861,0.81308,0.79723,0.8238,0.83445,0.8116,0.85928,0.76617,0.82835,0.85241,0.83364,0.81273
38397s,0.82775,0.8229,0.80739,0.83491,0.84439,0.82495,0.87033,0.77055,0.83956,0.85878,0.84532,0.8229
38697s,0.83919,0.83146,0.81385,0.84894,0.85461,0.83258,0.88093,0.77914,0.84394,0.86429,0.84365,0.82349
38997s,0.84907,0.84218,0.82325,0.85713,0.86319,0.8445,0.89054,0.79574,0.85455,0.87451,0.85516,0.83722
39297s,0.85717,0.84796,0.83468,0.86412,0.87417,0.85199,0.89819,0.79874,0.85763,0.88402,0.85993,0.84535
39597s,0.87186,0.86074,0.84477,0.87523,0.8844,0.86277,0.90719,0.81055,0.86783,0.89352,0.87514,0.85726
39897s,0.87955,0.87055,0.85723,0.88388,0.89267,0.8698,0.92053,0.82194,0.88496,0.90674,0.88688,0.86702
40197s,0.88616,0.876,0.86072,0.89199,0.90309,0.87561,0.92728,0.83174,0.89729,0.91425,0.89524,0.87714
40497s,0.89524,0.89017,0.87228,0.90727,0.914,0.89065,0.93886,0.84161,0.90717,0.93263,0.90977,0.88867
40797s,0.90676,0.89908,0.88095,0.91403,0.92344,0.89869,0.94489,0.84708,0.91027,0.93207,0.91122,0.89087
41097s,0.91392,0.90567,0.89405,0.92399,0.93156,0.90569,0.95703,0.85692,0.91777,0.94198,0.92248,0.9062
41397s,0.91983,0.91639,0.89904,0.93225,0.94057,0.9157,0.96618,0.86984,0.93352,0.95947,0.93933,0.91893
41697s,0.9312,0.9252,0.91028,0.94236,0.95106,0.92763,0.97302,0.87428,0.93166,0.95861,0.93654,0.92017
41997s,0.94414,0.93825,0.91925,0.95023,0.96241,0.93517,0.98204,0.88921,0.95046,0.97402,0.95603,0.93666
42297s,0.95148,0.94297,0.92681,0.9634,0.97112,0.94283,0.99142,0.89373,0.95762,0.97786,0.9603,0.94005
42597s,0.96057,0.95199,0.93565,0.96968,0.97858,0.9532,0.99679,0.9024,0.9651,0.99101,0.97472,0.95655
42897s,0.96616,0.95966,0.94398,0.97499,0.98464,0.95927,1.0072,0.914,0.97931,0.99894,0.98345,0.96115
43197s,0.97028,0.96382,0.94887,0.98222,0.99192,0.96733,1.0166,0.9209,0.98651,1.007,0.99128,0.97313
43497s,0.98183,0.97589,0.96175,0.99357,1.0028,0.97449,1.023,0.92811,0.99049,1.0117,0.99413,0.97322
43797s,0.99233,0.98245,0.96737,1.0004,1.0058,0.98354,1.0297,0.93813,1.0016,1.0245,1.0045,0.98665
44097s,0.99697,0.99026,0.97416,1.0058,1.0157,0.99155,1.0409,0.94536,1.0088,1.0314,1.0137,0.99592
44397s,1.0068,0.99852,0.98471,1.012,1.0214,0.99937,1.0436,0.95112,1.0148,1.0344,1.0137,0.9953
44697s,1.0101,1.0036,0.98872,1.0194,1.0279,1.0042,1.0532,0.95868,1.0249,1.0435,1.0223,1.0031
44997s,1.0213,1.0112,0.99865,1.028,1.038,1.0141,1.0606,0.97025,1.0294,1.0476,1.0296,1.0132
45297s,1.0256,1.0187,1.0051,1.034,1.0462,1.0213,1.0643,0.97705,1.0406,1.0581,1.0421,1.0232
45597s,1.034,1.0283,1.014,1.0403,1.0522,1.0303,1.072,0.98084,1.042,1.058,1.0372,1.0208
45897s,1.0399,1.0314,1.019,1.0448,1.0586,1.0344,1.0798,0.99209,1.0533,1.0667,1.0492,1.031
46197s,1.0468,1.0415,1.0266,1.0555,1.0672,1.0433,1.0864,0.99824,1.0609,1.0772,1.0568,1.037
46497s,1.0542,1.0435,1.0343,1.0571,1.0713,1.0489,1.0946,1.0065,1.067,1.0807,1.0606,1.0442
46797s,1.057,1.0512,1.0394,1.0637,1.0767,1.0525,1.0962,1.0096,1.0721,1.0832,1.0668,1.0501
47097s,1.064,1.0579,1.0439,1.0684,1.0828,1.0601,1.102,1.0176,1.0767,1.0944,1.0804,1.0656
47397s,1.0692,1.0641,1.0505,1.0746,1.086,1.0602,1.1088,1.0245,1.0803,1.095,1.0758,1.0601
47697s,1.0745,1.069,1.0576,1.081,1.0922,1.0699,1.1153,1.0333,1.0879,1.1021,1.0894,1.0723
47997s,1.0832,1.0765,1.0636,1.0892,1.0975,1.0746,1.122,1.0395,1.0962,1.1102,1.0895,1.0726
48297s,1.0918,1.0839,1.0714,1.0959,1.1067,1.0853,1.1226,1.0436,1.0953,1.1057,1.091,1.0755
48597s,1.0955,1.0882,1.075,1.0991,1.1109,1.0862,1.1317,1.0492,1.1057,1.115,1.0983,1.0817
48897s,1.0984,1.0905,1.0809,1.1041,1.1158,1.0932,1.1391,1.0566,1.1139,1.1252,1.1105,1.0962
49197s,1.1028,1.0979,1.0868,1.11,1.1225,1.0986,1.1408,1.0618,1.1169,1.1272,1.1132,1.0973
49497s,1.1059,1.1018,1.0908,1.1148,1.1234,1.103,1.1489,1.0707,1.1246,1.1376,1.1236,1.1056
49796s,1.1159,1.1072,1.0971,1.1185,1.1292,1.1066,1.1501,1.074,1.1241,1.132,1.1172,1.1027
50096s,1.1209,1.1137,1.1058,1.123,1.1366,1.1141,1.156,1.0802,1.1326,1.1406,1.1249,1.1077
50396s,1.1245,1.1166,1.1098,1.1294,1.1398,1.1194,1.1634,1.0892,1.1412,1.1492,1.1354,1.118
50696s,1.129,1.1231,1.1138,1.1328,1.1442,1.1242,1.1686,1.0904,1.1451,1.1536,1.1369,1.1192
50996s,1.1354,1.1281,1.1221,1.1382,1.15,1.1285,1.1722,1.1006,1.1504,1.159,1.1433,1.1265
51296s,1.1372,1.1323,1.1209,1.1399,1.1522,1.1318,1.1743,1.1024,1.154,1.163,1.1489,1.1312
51596s,1.1415,1.1367,1.1296,1.1453,1.1587,1.1387,1.1795,1.108,1.1567,1.164,1.1508,1.1355
51896s,1.1473,1.1437,1.131,1.1513,1.1618,1.1419,1.1835,1.1094,1.1598,1.1608,1.1473,1.1324
52196s,1.1519,1.1425,1.1355,1.1561,1.167,1.1456,1.1879,1.1165,1.1677,1.1732,1.1625,1.1453
52496s,1.1552,1.1502,1.1401,1.1578,1.1679,1.1499,1.1918,1.1235,1.1712,1.1769,1.1633,1.1486
52796s,1.1618,1.1561,1.1457,1.1624,1.1749,1.1542,1.1963,1.1281,1.1749,1.1802,1.1662,1.1514
53096s,1.164,1.1581,1.1513,1.1674,1.1783,1.1593,1.1984,1.131,1.1768,1.1821,1.1653,1.152
53396s,1.1668,1.1608,1.1524,1.1694,1.1806,1.1599,1.2025,1.1353,1.1855,1.1897,1.1702,1.1535
53696s,1.1734,1.1678,1.1583,1.1751,1.1847,1.1631,1.2063,1.1395,1.1858,1.188,1.172,1.1575
53996s,1.1734,1.1687,1.1611,1.1764,1.1882,1.1636,1.2122,1.1447,1.1913,1.199,1.1856,1.1697
54296s,1.1806,1.175,1.1668,1.1801,1.1946,1.1719,1.2144,1.1478,1.1924,1.1944,1.1755,1.1641
54596s,1.1837,1.1781,1.1708,1.1856,1.1958,1.1753,1.2187,1.1523,1.198,1.2029,1.1905,1.1772
54896s,1.1868,1.1814,1.1744,1.1887,1.1996,1.1792,1.2212,1.1549,1.1994,1.2037,1.186,1.1725
55196s,1.1917,1.1875,1.1773,1.1925,1.2014,1.18,1.225,1.1596,1.2054,1.2107,1.1961,1.1823
55496s,1.1963,1.1894,1.1799,1.1956,1.2055,1.1852,1.2265,1.1637,1.2072,1.2054,1.1901,1.177
55796s,1.1992,1.1921,1.1844,1.1997,1.2109,1.192,1.2337,1.1697,1.2132,1.2161,1.2037,1.1901
56096s,1.1997,1.1925,1.1857,1.2011,1.2112,1.193,1.2384,1.1728,1.2194,1.2203,1.2071,1.1922
56396s,1.2033,1.1991,1.193,1.206,1.2153,1.1956,1.2378,1.1758,1.2212,1.2241,1.2083,1.1992
56696s,1.2094,1.2041,1.1942,1.208,1.2183,1.2001,1.2404,1.1803,1.221,1.2209,1.2087,1.195
56996s,1.2094,1.2072,1.1997,1.2106,1.2236,1.2028,1.245,1.1844,1.2263,1.226,1.2126,1.199
57296s,1.213,1.2072,1.2006,1.2136,1.2242,1.204,1.2482,1.1875,1.231,1.2304,1.219,1.2052
57596s,1.2157,1.2116,1.2041,1.2181,1.229,1.2095,1.249,1.1896,1.2333,1.2331,1.2211,1.2077
57896s,1.2228,1.2149,1.2083,1.218,1.2305,1.2094,1.2525,1.1939,1.2333,1.2328,1.2197,1.2072
58196s,1.2212,1.2178,1.2108,1.2218,1.2333,1.2123,1.2558,1.1959,1.2376,1.233,1.2186,1.205
58496s,1.2269,1.22,1.2145,1.2293,1.2374,1.2196,1.258,1.1993,1.2398,1.2368,1.2233,1.2116
58796s,1.2258,1.2221,1.2159,1.2275,1.2387,1.2207,1.2633,1.2039,1.2454,1.2447,1.2319,1.2191
59096s,1.2297,1.2252,1.22,1.2314,1.2418,1.2196,1.2625,1.2081,1.2508,1.248,1.2335,1.2195
59396s,1.2321,1.2281,1.2225,1.2328,1.2428,1.2246,1.2639,1.2068,1.2463,1.2417,1.2303,1.2149
59696s,1.237,1.2327,1.227,1.236,1.2447,1.2269,1.2679,1.211,1.2524,1.2469,1.2342,1.2228
59996s,1.2391,1.2335,1.2275,1.2381,1.2482,1.2321,1.2697,1.2165,1.256,1.2541,1.237,1.2232
60296s,1.2376,1.2357,1.2293,1.2391,1.248,1.2304,1.2717,1.2188,1.2569,1.2497,1.2385,1.2223
60596s,1.2404,1.236,1.2312,1.2403,1.2511,1.2321,1.2727,1.222,1.2595,1.2559,1.2426,1.2265
60896s,1.2449,1.2388,1.2347,1.2446,1.2528,1.2367,1.2714,1.2229,1.2584,1.2523,1.2395,1.2267
61196s,1.2426,1.2395,1.2355,1.2435,1.2528,1.2388,1.2725,1.2267,1.2628,1.2609,1.2502,1.2372
61496s,1.243,1.2396,1.2386,1.2473,1.255,1.2406,1.2699,1.2289,1.2624,1.2534,1.2454,1.2321
61796s,1.2461,1.2417,1.2413,1.2452,1.2556,1.2431,1.2721,1.2338,1.2663,1.2617,1.2548,1.2398
62096s,1.2459,1.2428,1.2401,1.2474,1.2556,1.243,1.2712,1.2321,1.2636,1.2523,1.2429,1.2311
62396s,1.2439,1.2413,1.2412,1.2461,1.2562,1.2428,1.2724,1.2365,1.2667,1.2613,1.2518,1.2405
62696s,1.2446,1.2424,1.2415,1.2474,1.2552,1.242,1.2717,1.2404,1.2669,1.2579,1.2467,1.2362
62996s,1.2421,1.2425,1.2417,1.2463,1.2552,1.2431,1.2724,1.2393,1.2656,1.2548,1.2437,1.2331
63296s,1.2413,1.2399,1.2407,1.2457,1.2549,1.2412,1.2718,1.242,1.2678,1.2593,1.2515,1.2401
63596s,1.2435,1.2395,1.2409,1.2469,1.2545,1.2432,1.2739,1.2445,1.2665,1.2573,1.2496,1.2337
63896s,1.2408,1.2379,1.2375,1.2455,1.2558,1.241,1.2718,1.2413,1.2662,1.2598,1.2493,1.2365
64196s,1.2435,1.2404,1.2407,1.2458,1.256,1.2392,1.2739,1.2442,1.2646,1.2545,1.2428,1.2349
64496s,1.2441,1.2394,1.2385,1.2463,1.257,1.2437,1.2731,1.2448,1.2668,1.2578,1.251,1.2378
64796s,1.2448,1.242,1.2407,1.2496,1.2573,1.2425,1.2744,1.2431,1.2667,1.259,1.2499,1.2388
65096s,1.2437,1.2406,1.2389,1.2468,1.2557,1.2413,1.2738,1.2463,1.2685,1.26,1.2537,1.241
65396s,1.2435,1.2397,1.2382,1.2466,1.2578,1.2426,1.2758,1.2458,1.2694,1.2605,1.2518,1.2404
65696s,1.2447,1.2413,1.237,1.2462,1.2571,1.2413,1.2747,1.2426,1.2681,1.2585,1.2488,1.2393
65996s,1.2464,1.2451,1.2397,1.2471,1.2587,1.2425,1.2775,1.2425,1.2671,1.2566,1.2459,1.2374
66296s,1.2463,1.2436,1.2427,1.2502,1.2596,1.2424,1.2749,1.2426,1.2656,1.2532,1.2485,1.238
66596s,1.247,1.2441,1.2413,1.2497,1.2602,1.2434,1.275,1.242,1.2667,1.2563,1.2505,1.2388
66896s,1.2462,1.2428,1.2419,1.2483,1.2602,1.2425,1.2727,1.243,1.2656,1.2553,1.2455,1.2353
67195s,1.2452,1.2437,1.2421,1.2487,1.261,1.2449,1.2768,1.246,1.2701,1.2587,1.2492,1.2363
67495s,1.2452,1.2447,1.2413,1.2512,1.2606,1.2459,1.2749,1.2454,1.2714,1.2608,1.254,1.2433
67795s,1.2447,1.2418,1.2409,1.248,1.259,1.243,1.2786,1.2465,1.2705,1.257,1.2477,1.2364
68095s,1.2485,1.2418,1.2414,1.2485,1.2593,1.241,1.2777,1.243,1.2688,1.2583,1.251,1.2419
68395s,1.2467,1.2422,1.2412,1.248,1.259,1.24,1.2787,1.2451,1.2734,1.2629,1.2558,1.2446
68695s,1.244,1.241,1.2413,1.2485,1.2584,1.2419,1.2761,1.2455,1.2665,1.2537,1.2434,1.2335
68995s,1.2468,1.2451,1.2403,1.2502,1.2597,1.2435,1.2773,1.2482,1.2706,1.2571,1.2495,1.2385
69295s,1.2468,1.2424,1.2405,1.2496,1.2568,1.244,1.2791,1.2461,1.2739,1.2627,1.2556,1.2433
69595s,1.2457,1.2429,1.2405,1.2495,1.2608,1.2448,1.2765,1.2473,1.2704,1.2601,1.2514,1.2416
69895s,1.2463,1.2446,1.2417,1.2496,1.2608,1.2457,1.2778,1.2465,1.2713,1.2599,1.253,1.2394
70195s,1.2484,1.2436,1.2421,1.2504,1.2596,1.245,1.2765,1.2458,1.2677,1.2579,1.2517,1.241
70495s,1.2471,1.2429,1.2414,1.2508,1.2586,1.2435,1.2778,1.2481,1.2701,1.2566,1.2478,1.2405
70795s,1.2456,1.244,1.2419,1.25,1.2595,1.2429,1.2771,1.2437,1.2666,1.2515,1.2447,1.2329
71095s,1.2468,1.2429,1.2417,1.2517,1.2638,1.2449,1.2806,1.2495,1.2738,1.261,1.2538,1.24
71395s,1.2474,1.2454,1.2417,1.2503,1.2594,1.243,1.2786,1.2487,1.2716,1.2574,1.248,1.2379
71695s,1.2464,1.2441,1.2428,1.2491,1.2579,1.2433,1.2796,1.2488,1.274,1.262,1.2538,1.2446
71995s,1.2476,1.2449,1.242,1.2515,1.2631,1.2455,1.2766,1.2486,1.2716,1.2577,1.2501,1.2402
72295s,1.246,1.2433,1.2438,1.2486,1.2595,1.2424,1.2794,1.2496,1.2709,1.2595,1.2537,1.2442
72595s,1.2487,1.2455,1.2424,1.2524,1.2625,1.2449,1.2771,1.2459,1.2704,1.2531,1.2458,1.233
72895s,1.251,1.2463,1.2425,1.2503,1.2632,1.2432,1.2784,1.2462,1.2702,1.2552,1.2512,1.2408
73195s,1.2495,1.2462,1.2448,1.253,1.2633,1.2468,1.2759,1.2468,1.2695,1.255,1.2446,1.2377
73495s,1.2467,1.244,1.242,1.2493,1.2596,1.2423,1.2807,1.2505,1.2744,1.2628,1.2564,1.2433
73795s,1.2497,1.2484,1.2439,1.2523,1.2631,1.2451,1.2771,1.2471,1.2714,1.2552,1.2476,1.2343
74095s,1.25,1.2467,1.2446,1.2528,1.2635,1.2455,1.2782,1.2486,1.2691,1.2545,1.2449,1.2367
74395s,1.2492,1.2454,1.2425,1.2501,1.2611,1.2458,1.2769,1.2467,1.271,1.2568,1.2488,1.2369
74695s,1.2496,1.2462,1.2443,1.2507,1.2605,1.2421,1.2818,1.2499,1.2737,1.2576,1.2483,1.2378
74995s,1.2505,1.2476,1.2447,1.251,1.2606,1.2444,1.2809,1.2488,1.2731,1.2573,1.2506,1.2393
75295s,1.2509,1.2477,1.2453,1.2517,1.2609,1.2424,1.2804,1.2502,1.2753,1.2607,1.2526,1.237
75595s,1.2488,1.245,1.2455,1.2514,1.2609,1.2462,1.2802,1.2485,1.2746,1.2602,1.2554,1.2444
75895s,1.2544,1.2479,1.2455,1.2535,1.2645,1.2438,1.2805,1.25,1.2777,1.2608,1.2575,1.2424
76195s,1.2525,1.2496,1.2466,1.2515,1.2627,1.2466,1.2797,1.2491,1.2724,1.2575,1.2483,1.2372
76495s,1.2501,1.2482,1.2446,1.2549,1.2627,1.2478,1.2845,1.252,1.276,1.2594,1.2523,1.2384
76795s,1.2516,1.2476,1.2431,1.2517,1.2629,1.2445,1.2798,1.2487,1.2715,1.2563,1.2517,1.2409
77095s,1.254,1.2503,1.2483,1.2533,1.2638,1.2475,1.2812,1.2526,1.2776,1.2608,1.2515,1.2411
77395s,1.2524,1.2485,1.2462,1.2518,1.2627,1.2436,1.2798,1.249,1.2744,1.2593,1.2548,1.2444
77695s,1.252,1.2472,1.2458,1.2507,1.2623,1.2464,1.2831,1.254,1.2768,1.2601,1.2511,1.2392
77995s,1.2503,1.2494,1.2455,1.2528,1.2626,1.2472,1.2849,1.2529,1.278,1.2628,1.2527,1.2394
78295s,1.25,1.2484,1.247,1.2552,1.2647,1.2492,1.282,1.2517,1.275,1.2591,1.2513,1.238
78595s,1.2526,1.2488,1.2456,1.2521,1.2636,1.2453,1.2817,1.2522,1.2771,1.2645,1.2588,1.2459
78895s,1.2534,1.2484,1.2486,1.2531,1.2645,1.2496,1.2836,1.2524,1.2767,1.2646,1.2581,1.2466
79195s,1.2552,1.2514,1.2501,1.2542,1.2663,1.247,1.2831,1.2522,1.2757,1.2596,1.255,1.246
79495s,1.256,1.2503,1.2495,1.2535,1.2642,1.246,1.2824,1.2524,1.2781,1.2621,1.2557,1.2483
79795s,1.2572,1.2506,1.2482,1.2532,1.2631,1.2472,1.2837,1.2513,1.2783,1.2611,1.2565,1.2466
80095s,1.2544,1.2517,1.2486,1.2556,1.2683,1.251,1.2846,1.2544,1.2797,1.264,1.2535,1.2415
80395s,1.2592,1.2536,1.2502,1.2565,1.2669,1.2495,1.2858,1.2529,1.2793,1.2627,1.2582,1.246
80695s,1.2564,1.2512,1.25,1.2563,1.2664,1.2507,1.2823,1.2525,1.2769,1.2586,1.2511,1.2415